id,scope,character,category,name,color,conditions,design_note
shared-top-01,shared,all,top,棉质圆领短袖,白,热|温暖,短而利落的常规版型
shared-top-02,shared,all,top,细罗纹短袖,黑,热|温暖,合体不过紧且不露腹
shared-top-03,shared,all,top,细条纹亚麻衬衫,蓝白,热|温暖,轻薄长袖可卷袖
shared-top-04,shared,all,top,基础棉衬衫,白,温暖|凉|冷,可单穿或作针织与外套内搭
shared-top-05,shared,all,top,细针织圆领上衣,奶油白,温暖|凉|冷,薄而有织物质感
shared-bottom-01,shared,all,bottom,直筒牛仔裤,中蓝,温暖|凉|冷,常规腰线与完整裤脚
shared-bottom-02,shared,all,bottom,垂坠直筒长裤,炭灰,温暖|凉|冷,兼顾上课与上班搭配
shared-bottom-03,shared,all,bottom,轻薄亚麻长裤,沙色,热|温暖,与厚冬装区分材质
shared-bottom-04,shared,all,bottom,宽松直筒短裤,米白,热|温暖,清爽但不过短
shared-outer-01,shared,all,outer,短款牛仔夹克,浅蓝,温暖|凉,开放前襟露出内搭
shared-outer-02,shared,all,outer,短款风衣,浅沙,温暖|凉,轻薄结构与冬季大衣区分
shared-outer-03,shared,all,outer,短款蓬松棉服,深灰,冷,蓬松感保留人物原有比例
shared-shoes-01,shared,all,shoes,低帮帆布鞋,米白,热|温暖|凉,纤细鞋底适合日常长时间步行
shared-shoes-02,shared,all,shoes,软底乐福鞋,黑,温暖|凉,轻盈皮鞋而非厚重运动鞋
shared-shoes-03,shared,all,shoes,平底双带凉鞋,浅棕,热|温暖,日常步行款且不作长距离推荐
shared-shoes-04,shared,all,shoes,窄楦短靴,黑,凉|冷,简洁轮廓与厚底靴区分
shared-shoes-05,shared,all,shoes,轻量低帮运动鞋,灰白,热|温暖|凉,用于走路较多的出行且不夸张臃肿
shared-bag-01,shared,all,bag,帆布托特包,米白,热|温暖|凉|冷,容纳笔记本或日常学习物品
shared-bag-02,shared,all,bag,小型斜挎包,黑,热|温暖|凉|冷,解放双手且与大型行李分开
shared-legwear-01,shared,all,legwear,不透肤打底袜,黑,凉|冷,用于获准的裙装组合并计入搭配清单
sweet-top-01,character,sweet,top,小圆领针织上衣,淡杏,温暖|凉|冷,柔和小领口保持青春感
sweet-top-02,character,sweet,top,轻泡泡袖衬衫,浅蓝,热|温暖,轻盈袖型避免公主裙式夸张
sweet-bottom-01,character,sweet,bottom,小褶A字短裙,灰粉,热|温暖|凉,温柔色调且适合与基础上衣组合
sweet-bottom-02,character,sweet,bottom,细灯芯绒直筒裤,奶白,凉|冷,甜美角色也有实用裤装
sweet-dress-01,character,sweet,dress,小碎花短袖连衣裙,米白淡花,热|温暖,膝上适中长度且不过度装饰
sweet-dress-02,character,sweet,dress,针织连衣裙,莓红,凉|冷,冷天组合需要打底袜与获准外套
sweet-outer-01,character,sweet,outer,翻领羊毛大衣,焦糖,凉|冷,保留已认可的温暖气质与围巾方向
sweet-shoes-01,character,sweet,shoes,低跟玛丽珍鞋,象牙白,温暖|凉,圆润纤细鞋型用于短时间步行
sweet-shoes-02,character,sweet,shoes,麂皮短靴,可可棕,凉|冷,与黑色通用短靴区分材质及靴口
sweet-bag-01,character,sweet,bag,小号手提包,巧克力棕,热|温暖|凉|冷,温柔皮质且容量小于托特
cool-top-01,character,cool,top,水洗宽松短袖,烟橄榄,热|温暖,有态度的布料与落肩而非校服感
cool-top-02,character,cool,top,合体细针织上衣,暗李紫,凉|冷,呼应内层发色但不堆叠紫色
cool-bottom-01,character,cool,bottom,直筒工装长裤,水洗黑,温暖|凉|冷,适度口袋与利落裤脚
cool-bottom-02,character,cool,bottom,直筒牛仔短裤,深蓝,热|温暖,酷感夏装且与工装长裤拉开轮廓
cool-outer-01,character,cool,outer,短款皮夹克,浓咖,温暖|凉,宽而短的女性街头轮廓
cool-outer-02,character,cool,outer,轻薄机能外套,石墨灰,温暖|凉,中长度且与皮夹克材质明显不同
cool-outer-03,character,cool,outer,直线长款羊毛大衣,黑,凉|冷,冬季轮廓与春季短夹克区分
cool-shoes-01,character,cool,shoes,金属扣德比鞋,黑,温暖|凉,低帮皮鞋与靴子明确区分
cool-shoes-02,character,cool,shoes,简洁平底皮凉鞋,银灰,热|温暖,凉爽酷感且不重复全季皮靴
cool-bag-01,character,cool,bag,不对称软肩包,黑,热|温暖|凉|冷,小面积金属细节而非大量铆钉
literary-top-01,character,literary,top,无袖小翻领亚麻上衣,雾蓝,热|温暖,清爽轻薄且不做成熟职场感
literary-top-02,character,literary,top,小格纹棉衬衫,沙白,温暖|凉|冷,柔和细格适合青年学习气质
literary-bottom-01,character,literary,bottom,高腰直筒短裤,浅卡其,热|温暖,明确增加夏季短裤与露腿搭配
literary-bottom-02,character,literary,bottom,A字短裙,墨绿,热|温暖|凉,青春轮廓而非老成职业裙
literary-dress-01,character,literary,dress,中长背带裙,海军蓝,温暖|凉,允许搭配已验证的衬衫内搭
literary-outer-01,character,literary,outer,V领薄针织开衫,浅灰,温暖|凉,开放前襟与大衣分层
literary-outer-02,character,literary,outer,短款牛角扣羊毛外套,浅棕,凉|冷,年轻校园感且不照搬成熟西装
literary-shoes-01,character,literary,shoes,软底芭蕾平底鞋,深蓝,温暖|凉,短步行与室内活动搭配
literary-shoes-02,character,literary,shoes,系带平底短靴,栗棕,凉|冷,纤细靴型与其他两人的鞋款区分
literary-bag-01,character,literary,bag,轻便帆布斜挎包,鼠尾草绿,热|温暖|凉|冷,清新配色并适合轻便出行
